Willowgrove Pharmacy,1-527 Nelson Road - Saskatoon - SK - S7S 1P4,306-665-1000
Safeway Pharmacy No. 4880,1860 McOrmond Drive - Saskatoon - SK - S7S 0A5,306-934-5070
Safeway Pharmacy No. 4880,219 Evergreen Square - Saskatoon - SK - S7S 0Z2,306-986-4536
Evergreen Clinic Pharmacy,100 1804 McOrmond Drive - Saskatoon - SK - S7S 0A6,306-249-4455
Shoppers Drug Mart No. 2465,3 402 Ludlow Street - Saskatoon - SK - S7S 1M7,306-651-5563
Co-op Pharmacy Marketplace on Attridge,30 Kenderdine Road - Saskatoon - SK - S7N 4M8,306-343-3400
Loblaw Pharmacy No. 4375,3 50 Kenderdine Rd - Saskatoon - SK - S7N 3A1,306-956-0090
Pharmasave No. 401,151 Gibson Bend - Saskatoon - SK - S7V 0P1,306-651-7786
Save On Foods Pharmacy No. 5545,80 145 Gibson Bend - Saskatoon - SK - S7V 0V2,306-244-8505
Shoppers Drug Mart No. 2468,10 1215 Central Avenue - Saskatoon - SK - S7N 2K8,306-955-7200
